Henrietta Sterling,100420,CS,2048,2032,2014,2021,2092,1963,1995,1828,1912,2079,
Denver Fall,100421,CS,1954,1959,2119,2099,2007,2034,1887,1977,1935,2035,
Gussie Thorley,100422,CS,1870,2035,1964,1884,1978,2014,1993,1958,1975,1867,
Beth Powles,100423,CS,2154,2018,2032,2015,1911,1887,1964,1877,2085,1947,
Guillermina Powis,100424,CS,1911,2075,2081,1825,1858,2067,2099,2013,1957,2154,
Iliana Hutchings,100425,CS,2065,2054,2021,2243,2012,2125,2080,1980,1887,1987,
Shawna Stevenson,100426,CS,1877,2032,1863,2228,2114,1963,1936,1910,2020,2083,
Wilma Voakes,100427,CS,2020,2114,1968,2074,2034,2005,2003,1836,2099,2093,
Cathey Geeson,100428,CS,1894,1967,2020,2045,1977,1911,1936,1717,2094,1909,
Lottie Aves,100429,CS,2058,2020,2022,1993,1978,1934,2211,1857,2081,2048,
Loria Verdon,100430,CS,2021,2245,1913,1964,1978,1844,2125,1975,2018,1825,
Vernon Kapoor,100431,CS,2082,2006,2084,2081,2048,2019,1978,2289,1910,2047,
Lynne Stanton,100432,CS,2018,1935,1955,1936,1865,1934,1987,2006,2058,2065,
Wilbur Yeates,100433,CS,1794,1872,2119,2098,2157,2070,2099,2219,2017,2034,
Shela Otter,100434,CS,2125,1938,1846,1956,1886,1914,2111,2099,2035,2113,
Magen Peaper,100435,CS,2199,1965,1796,2020,1861,2016,1977,1930,1989,2007,
Versie Geldard,100436,CS,1795,2152,1836,2091,1774,2108,2044,2197,1874,1779,
Eliseo Langridge,100437,CS,2056,2095,2011,2003,1980,1846,2181,2126,1875,2083,
Isiah Seer,100438,CS,1987,1826,1958,1930,2089,1976,1886,2070,1995,2075,
Elnora Macarthur,100439,CS,1865,2274,2005,2049,2021,2046,1966,1913,2115,2048,
Enola Emmerson,100440,CS,1954,2095,2124,2003,2145,2034,2033,2113,1932,1967,
Sabine Easdown,100441,CS,2004,2070,2054,2066,1866,2091,1917,1914,1938,1975,
Theresa Radley,100442,CS,1851,1958,1922,1963,2035,2127,1871,2080,2044,1827,
Jenice Attewell,100443,CS,2058,1876,2048,1911,2014,2035,1946,1878,2047,2174,
Liberty Ronald,100444,CS,2047,2135,2074,1964,1917,2112,1866,2123,2014,1895,
Sasha Eggison,100445,CS,2157,1968,2055,2059,2184,2113,1860,2082,2015,1987,
Arlene Fields,100446,CS,1935,2182,1994,2005,1911,2068,1993,2059,1947,1798,
Brandon O hara,100447,CS,2069,2007,2054,2058,1965,1980,1957,2053,2090,2046,
Waneta Ashby,100448,CS,1938,2002,1988,2091,1843,1958,2126,1800,1994,2092,
Carmina Orvis,100449,CS,2006,1932,2084,2061,1866,2126,2114,2150,1933,2013,
Lucina Stannard,100450,CS,2015,2179,2053,1963,1856,1957,1936,2066,2056,1956,
Minda Said,100451,CS,2011,1946,2003,1869,2070,1935,1947,2089,2055,2013,
Francie Lodge,100452,CS,1894,1954,2067,2011,2100,2081,1947,2034,1818,1933,
Temeka Coulson,100453,CS,2018,2003,2002,2079,1963,2098,1946,2014,2199,2080,
Glory Ormston,100454,CS,2080,1963,1980,1993,2084,2065,1958,2067,1967,1913,
Clinton Hemingway,100455,CS,2020,1980,2097,1994,1954,2044,1987,2079,1914,2092,
Thresa Clements,100456,CS,1937,2083,2127,2036,2065,2061,1930,1954,1828,2075,
Kathe Dalzell,100457,CS,1976,2111,1975,2136,2089,2056,2011,1968,2074,1913,
Alexandria Woodward,100458,CS,1916,2017,2006,1834,1988,2219,2022,2044,1958,2013,
Cortney Joss,100459,CS,1946,1964,1959,1956,2005,1933,2007,2055,1958,1976,
Cinthia Arnold,100460,CS,1993,2066,1851,2191,2045,1956,2077,1763,1979,1861,
Janie Eskins,100461,CS,2056,1829,2055,2150,1824,1886,1896,2032,1910,2097,
Maud Hogg,100462,CS,1956,2126,2055,1913,2085,1922,2016,1856,1885,1933,
Glynis Barclay,100463,CS,2005,1995,2006,1923,2090,2093,2068,1818,1858,1867,
Hazel Lynas,100464,CS,1917,1916,1934,2049,1844,2037,2046,2141,1896,2003,
Jacklyn Rook,100465,CS,2119,1895,1936,2002,2033,1933,1795,1799,2211,1792,
Lashaun Freight,100466,CS,1838,2021,2053,1867,2109,2005,2077,1945,2017,2095,
Kai Tomas,100467,CS,1966,2094,2078,2089,1988,1936,2223,1977,2059,2049,
Sharron Horner,100468,CS,2046,1937,2099,2019,2182,1883,1963,1932,2095,2016,
Tequila Sampson,100469,CS,1946,2059,1933,1857,2080,2093,2081,2127,2206,1909,
Nida Townend,100470,CS,2015,2012,1975,2080,1963,1987,2157,2053,1910,2045,
Dusty Kaufman,100471,CS,1896,1989,1937,2033,1724,2004,2076,2066,2079,2098,
Edgardo Leaver,100472,CS,2048,1967,2080,2179,1978,2056,1964,2136,1856,1882,
Irina Normington,100473,CS,2045,2210,2125,2055,2068,2202,2076,2021,2058,2069,
Erline Allwood,100474,CS,2119,2111,2112,2047,1923,2067,1936,2015,1945,1978,
Marcelino Elfman,100475,CS,1894,1781,1874,2054,2154,2080,1864,1829,2089,1987,
Xavier Younis,100476,CS,2081,2015,2003,1724,2061,2124,2020,2019,2093,2053,
Taisha Flowers,100477,CS,2110,2013,2045,2004,2060,2035,1967,2125,2151,1884,
Ivonne Kelso,100478,CS,1878,2092,1935,2216,2014,2034,2058,2065,2066,1959,
Margeret Horn,100479,CS,1958,2037,2095,2084,2004,2145,1884,1976,2048,2107,
Lauran Martins,100480,CS,2022,2091,2047,2037,1883,1968,1934,2005,2019,1864,
Ismael Auton,100481,CS,2054,1963,2003,2019,2046,1866,1945,2020,2032,2078,
Susanne Sampson,100482,CS,2112,1965,1688,1967,2061,1994,2121,1933,2075,2044,
Margareta Knab,100483,CS,2049,2078,1932,1828,2069,2145,2019,1921,1913,2020,
Carmelo Rawlings,100484,CS,2134,2066,1851,2055,1810,2013,2011,1910,1965,2090,
Odis Fenton,100485,CS,2076,1987,1989,2018,1933,1934,2092,2077,2082,1937,
Jarred Philips,100486,CS,1922,2113,2076,1938,2036,1857,1955,2083,2020,1849,
Kareen Arthur,100487,CS,2119,1980,1871,2173,2060,2085,1987,2033,2048,1958,
Nerissa Finan,100488,CS,1911,2013,2154,1884,1933,2149,1827,1707,2100,1954,
Drucilla Cornock,100489,CS,1896,2200,1884,2045,1956,2075,1760,2142,1876,1937,
Lauryn Kouma,100490,CS,2035,1824,2014,1846,1811,1886,1861,2136,1938,1959,
Chara Kidman,100491,CS,2097,2021,2060,2059,1957,1966,2124,1917,2014,1866,
Nevada Longhurst,100492,CS,1933,2060,1980,1995,2021,2077,1955,1945,2006,2011,
Lien Betts,100493,CS,1955,2059,2099,2017,1954,2005,2172,1980,1977,2045,
Jayne Kacy,100494,CS,2032,2053,2140,1909,1978,1968,1938,1987,1885,1850,
Jesusita Werner,100495,CS,1749,2003,1861,2089,2066,2135,1912,1945,2173,2112,
Janel Healy,100496,CS,1788,1934,2124,2012,1977,2048,2078,2016,2092,2107,
Chris English,100497,CS,1965,2077,2011,1820,2066,2059,1800,1957,1876,2020,
Debora Thurlow,100498,CS,2035,2017,2085,1956,1863,2012,1968,1820,2143,1938,
Dorthea Osman,100499,CS,2175,2013,2004,2091,2095,2057,1931,2079,2007,1917,
Jude Doherty,100500,CS,1885,1851,2007,1913,2143,1910,2082,2034,1935,1995,
Carri Wolstencroft,100501,CS,1968,1946,1860,1955,2114,2077,2058,1933,2005,2011,
Alta Sheridan,100502,CS,2068,1933,2021,2149,2048,1869,2056,2066,2035,2081,
Velma Beale,100503,CS,2066,2098,1827,2209,2058,2054,1933,2125,1913,1855,
Dionne Karim,100504,CS,1910,2075,1930,2058,2113,1994,2045,2135,2006,2037,
Charleen Leckie,100505,CS,2005,2032,1797,2122,2013,1839,1824,2084,2058,1945,
Berta Hutchins,100506,CS,2223,1868,1863,2082,1989,2093,1954,2199,1988,2049,
Vanita Hopkins,100507,CS,1871,1955,2006,1878,2078,2155,2044,1912,2022,1935,
Sean Mcloughlin,100508,CS,2170,1846,2096,2054,2145,1916,2070,2092,2014,2048,
Crista Birch,100509,CS,1937,1871,1946,2094,1967,1976,2005,1849,2114,2082,
Christeen Knox,100510,CS,2035,1957,1894,2153,1788,2247,2011,1717,2254,2065,
Guy Sharkey,100511,CS,2047,2068,1849,2044,2049,1980,1895,1922,2124,2059,
Effie Shipley,100512,CS,2016,1705,2004,1976,1993,1936,1911,1945,1921,2214,
Kemberly Arrowsmith,100513,CS,1964,1769,1855,1979,2011,1922,2076,2066,2080,2005,
Julian Nuttall,100514,CS,2125,1885,2096,2005,1812,2070,1822,1884,2002,2014,
Donny Yarnall,100515,CS,1884,1976,1846,1956,1989,2145,2057,1933,2170,1877,
Olene Greene,100516,CS,2061,2079,2020,2092,2070,1977,2258,2078,2179,2012,
Ahmad Wales,100517,CS,2175,2082,2067,2078,1923,2016,1866,1933,2127,2121,
Stanley Read,100518,CS,2085,1936,2089,2035,2113,2074,2049,1945,2095,2044,
Delmy Emmott,100519,CS,2153,2012,1861,1989,2061,2209,2082,2021,2019,1930,
Boyce Pickett,100520,CS,1878,1868,2192,2007,1993,1796,2066,1967,1963,2048,
Jess Coburn,100521,CS,1916,2022,1988,1885,1966,1955,1837,2004,1946,2145,
Lynette Antic,100522,CS,1877,1882,2018,2090,1938,2007,2002,2156,2089,2032,
Douglass Frith,100523,CS,2157,1988,2172,2013,2049,2255,2022,2016,1912,1946,
Francis Bing,100524,CS,1744,2076,1930,1987,2084,1867,2060,1935,2059,2061,
Ramon Chandler,100525,CS,1976,2032,1980,1995,2005,1988,1855,2109,1843,1872,
Tori Devenish,100526,CS,2136,1979,2123,2016,2079,2074,2221,1835,2003,1957,
Gayle Gregory,100527,CS,2059,1844,1795,2004,2020,2018,2061,1946,1930,2144,
Maisie O keeffe,100528,CS,1946,2156,2019,1975,2119,1989,1976,1932,2005,1987,
Nanette Edmundson,100529,CS,2012,2037,1913,2059,2223,2003,1910,1922,2114,1965,
Gus Yomkins,100530,CS,2021,1978,2068,2020,1869,1988,2207,2005,2145,1910,
Ressie Lilwall,100531,CS,1912,2082,2004,2055,2012,2076,2005,2037,1964,1914,
Despina Skelton,100532,CS,2107,2037,1916,2012,2068,2153,1864,1930,1896,1979,
Elke Buck,100533,CS,2018,1824,1911,2077,2078,1909,2114,2012,2066,1870,
Kortney Myatt,100534,CS,2012,1883,1980,1931,2084,1964,2085,2022,2083,2066,
Shena Kirby,100535,CS,1978,1856,1911,1934,2007,2067,2069,2044,2110,1802,
Edwina Franklin,100536,CS,2077,2066,2157,1980,1923,1915,1933,2011,2110,2111,
Roselia Allcott,100537,CS,2069,1794,1910,1931,1917,1938,1895,2005,2044,2150,
Geraldo Emmings,100538,CS,2068,2150,1989,2033,2049,1946,1957,1963,1980,1868,
Jayson Evrard,100539,CS,2035,1995,1869,1877,2007,1945,1967,1964,1923,2036,
Merrill Shaughnessy,100540,CS,1915,2067,2036,2015,1957,2057,2044,2002,2112,1896,
Akiko Garner,100541,CS,2120,1967,1912,2059,1781,1915,2149,2077,2069,2215,
Beverley Riddler,100542,CS,2055,2107,1828,2003,2044,2047,2032,1862,2091,2015,
Junie Duvall,100543,CS,1830,2242,1966,2183,1760,2021,1877,2157,1848,2108,
Eula Froggatt,100544,CS,2120,1858,1855,2065,1993,1883,1945,2142,2048,1976,
Cher Crook,100545,CS,2020,2289,1968,2070,1958,2053,1845,1921,1820,2082,
Kit Kirwin,100546,CS,2112,2046,1954,2002,1980,2059,1917,2076,1868,1989,
Reanna Kilburn,100547,CS,2054,1915,2078,1877,1911,2096,2110,2002,2020,1968,
Eusebia Russell,100548,CS,2193,1954,1824,1803,2065,1910,1800,2082,1914,2093,
Shanel Beveridge,100549,CS,2119,2004,1887,2156,1993,1958,2140,1857,1915,2078,
Hye Nutella,100550,CS,1886,2034,1887,2149,2096,1954,2134,1895,1839,2035,
Tony Kirkpatrick,100551,CS,1798,2045,1989,2156,2034,2057,1978,1861,1875,1977,
Catrice Jeffrey,100552,CS,2091,2005,2006,1955,1843,2074,1915,1933,2014,1936,
Christian Whelan,100553,CS,2100,1954,2044,2003,2065,2017,2035,2095,2049,1858,
Kali Kinniburgh,100554,CS,1930,1979,2012,2099,1956,2094,2003,1937,2048,2032,
Mallie Jowitt,100555,CS,2121,1988,2012,2018,2095,1914,2097,2145,1773,2070,
Isaiah Dent,100556,CS,1957,2002,1979,2136,2057,1955,2124,1978,2180,2047,
Percy Tohill,100557,CS,2014,2120,2085,2074,2111,1885,2079,1931,2144,2157,
Lashunda O ryan,100558,CS,2034,2016,2097,1966,2090,2091,2157,2033,1857,2059,
Kimberly Harrington,100559,CS,1915,1930,1933,1957,2033,1936,1909,1978,2077,2048,
Mitch Mulligan,100560,CS,2175,1994,2060,2085,2037,1934,1977,1956,2079,1871,
Charles Martin,100561,CS,1876,1828,1937,2127,1978,2054,2079,1882,1857,2005,
Tam Inman,100562,CS,2061,1870,1979,1867,1845,2080,2068,2115,1884,2054,
Keeley Mistry,100563,CS,2085,2053,2017,2127,1967,2056,1958,2111,1976,2006,
Erinn Dougal,100564,CS,2100,2083,2049,1931,1916,1938,1980,2090,2096,2091,
Hattie Aylett,100565,CS,2153,1954,2032,1968,2091,2066,2045,1963,2002,1764,
Parker Larsson,100566,CS,2033,1945,1863,2068,1909,2070,2151,2021,2081,2015,
Teena Exton,100567,CS,2077,2075,2079,1989,2032,2018,1896,2054,2015,1772,
Ernest Elsmore,100568,CS,2036,2078,1980,1921,2011,2035,2083,1935,1931,2016,
Abel Kehoe,100569,CS,1989,2179,2074,2069,1766,1909,1878,2078,2014,2018,
Zina Kanes,100570,CS,1819,1987,1964,2044,1875,1980,2053,1977,2054,2084,
Merry Newstead,100571,CS,2074,2005,1868,2077,2125,2033,2066,2093,1994,1896,
Brock Paine,100572,CS,1945,2079,2127,2075,1989,1995,2037,2172,1800,2005,
Mabelle Caddy,100573,CS,1916,1917,2212,2108,2079,2089,2015,1947,1868,1976,
Graham Kreyling,100574,CS,1923,1995,2081,1958,2033,2005,2013,2069,2113,2006,
Thaddeus Manson,100575,CS,2034,1835,2069,1957,1936,2150,2005,2056,1749,1894,
Evangelina Dallas,100576,CS,2005,1967,2170,2046,2015,2082,1946,2016,1963,1976,
Ericka O kelly,100577,CS,2002,2066,2033,2091,2074,2068,2012,1930,2114,1922,
Estell Orrell,100578,CS,1980,2037,1945,1796,1946,1817,2047,1947,1977,2005,
Tarsha Watkinson,100579,CS,2035,1993,1965,2012,1839,2174,1963,2007,1916,2006,
Bettie Tierney,100580,CS,2140,2076,1977,2012,1979,1975,2084,2093,2005,2003,
Jordan Murphy,100581,CS,1847,1966,2069,2056,1886,2179,1882,1932,1910,1922,
Gonzalo Walling,100582,CS,2032,2049,2034,2136,1977,2016,1933,2084,1945,2074,
Bree Roff,100583,CS,1966,2011,2172,1916,2109,1822,2013,1938,2004,2018,
Cole Schmidt,100584,CS,1790,1936,2022,2049,1980,2152,1935,2007,1979,1989,
Cherise Hutchings,100585,CS,1878,1848,2192,2142,1909,1816,2017,1763,2055,2110,
Francie Ling,100586,CS,2035,2090,2155,1820,1922,1779,2144,2014,2096,1765,
Kym Ebden,100587,CS,1873,1945,2098,1790,1923,2018,2016,2014,1913,2021,
Neil Horrocks,100588,CS,1954,2060,2004,2109,1845,1915,1938,2076,2047,1976,
Rutha Tunks,100589,CS,1922,2135,1967,1937,2100,2108,1954,1966,2109,2013,
Kristy Dunning,100590,CS,1914,2180,2074,1796,1980,1954,1931,2017,1843,1937,
Ivan Dardenne,100591,CS,1930,2210,2126,2045,2061,1957,2090,2035,2173,1877,
Rogelio Elzer,100592,CS,2098,2078,2121,2054,1993,2037,2096,1946,2017,2019,
Tommye Gilks,100593,CS,1994,1883,1885,2077,2037,1864,2057,1875,2003,1859,
Estella Sanders,100594,CS,2141,2016,1956,1865,1957,1959,2068,1855,2044,2120,
Dotty Bean,100595,CS,1921,2156,2066,2098,2015,1994,2083,2022,2003,2084,
Palma Shea,100596,CS,2068,2191,2018,2003,1958,2066,1964,2021,1873,2144,
Nada Costa,100597,CS,2036,2115,2065,1868,1993,2014,1909,2091,2057,2092,
Erasmo Kinder,100598,CS,1966,1968,2015,1937,2122,2018,2111,1921,2114,1987,
Hipolito Bell,100599,CS,1957,1945,2065,1873,1910,2013,1975,2036,2333,1977,
Denita Penney,100600,CS,1877,1874,2082,1954,1873,1912,1796,1835,1958,2121,
Alanna Glover,100601,CS,2061,2100,2067,1933,1979,1966,2057,1937,2036,2059,
Roni Heywood,100602,CS,2083,1945,2180,2080,2015,2074,1938,2120,1915,1767,
Rosy Perowne,100603,CS,1995,2083,2012,1818,1933,2003,2152,1938,2077,2110,
Porfirio Gillam,100604,CS,2056,2021,2173,2136,1966,2170,2033,2012,2218,1768,
Denver Warrington,100605,CS,1979,2053,1946,2066,2150,1956,2055,1989,1959,2017,
Christen Kidd,100606,CS,2048,2099,2091,2066,2092,2005,2084,1672,1863,2153,
Phung Tailor,100607,CS,2058,2214,1873,2077,2082,1914,1989,1876,1930,2180,
Valrie Eatherington,100608,CS,1860,2097,2022,2149,1846,2055,2109,2124,2092,2079,
Amy Kenny,100609,CS,2179,2014,1978,1966,2173,2120,2057,1896,2011,1839,
Hassan Everill,100610,CS,1933,2108,1977,1956,2065,1921,2098,2002,2111,1803,
Jeremiah Simon,100611,CS,1965,1872,2157,2005,2018,2061,2035,1887,2076,1955,
Daria Rankin,100612,CS,1921,1934,1954,2179,1872,1959,1864,2022,2075,2032,
Kip Miles,100613,CS,2049,1938,2021,1915,1978,2122,2201,2013,2077,2096,
Lakendra Jewson,100614,CS,2065,1912,1724,2007,1965,1938,2021,2017,1958,1844,
Bud Butter,100615,CS,2007,2044,1989,1818,1910,2074,1993,1966,2053,2097,
Joana Llewellyn,100616,CS,2140,2035,2068,1965,1956,2011,2122,1975,1936,1976,
Candida Pipe,100617,CS,2098,1917,2095,2020,1830,1988,1989,1979,2007,1958,
Dwana Hughes,100618,CS,1947,2054,2013,1823,2066,2069,2017,1936,2016,1835,
Summer Astbury,100619,CS,2021,1975,2061,2057,2006,2020,2047,1931,1980,1993,
Celia Ennos,100620,CS,2034,2046,2048,1922,2136,1915,1947,1788,1917,2083,
Odis Knuckles,100621,CS,2016,2093,1978,2005,2022,2112,2119,2151,2066,2125,
Scarlet Mcmahon,100622,CS,2084,2092,1875,1994,2018,1921,2171,2179,2123,1966,
Hildegarde Espley,100623,CS,2015,1883,1987,1976,2173,2061,2020,2049,2057,2018,
Dakota Finnimore,100624,CS,2157,1913,1885,1946,2053,2155,2066,1859,1958,2125,
Willetta Drabble,100625,CS,2108,2005,2153,2044,2094,1934,2061,1829,2084,1875,
Latrisha Elleray,100626,CS,2144,1975,2007,1979,2113,2018,1976,1994,1980,2122,
Louanne Neish,100627,CS,1989,2045,1912,1956,1937,1936,1916,2007,1968,1872,
Lula Overson,100628,CS,1954,2152,1963,1966,2109,1938,2081,2094,1987,1967,
Roseanne Stevens,100629,CS,1862,2151,1964,1955,1838,1936,2143,2066,2089,2228,
Lashonda Fountain,100630,CS,2012,2055,1975,2126,1995,2122,1836,1887,1994,2032,
Carole Lambert,100631,CS,2091,1795,2100,2170,2079,2144,2217,1966,1825,2020,
Beckie Endroe,100632,CS,1909,1843,2097,1894,1886,2173,1936,2004,1987,2126,
Tanesha Groves,100633,CS,2048,2109,1895,2143,2107,1995,2020,2243,1937,2098,
Krysta Hamnett,100634,CS,2014,2108,1859,2049,1968,2007,1938,1955,1875,1946,
Ambrose Trott,100635,CS,1964,2056,1995,1934,2110,2077,2074,2005,2018,2011,
Eileen Nicholas,100636,CS,2140,2048,2016,2014,2068,1850,2005,1933,2113,1995,
Chang Langton,100637,CS,2019,1923,1817,1935,2095,2021,2091,2112,1930,1954,
Valrie Pickett,100638,CS,2151,2127,2044,2099,2109,1979,2115,1947,2015,2007,
Shaina Stroud,100639,CS,1820,2107,1965,2089,1979,2007,2037,1994,2184,1963,
Norma Irvin,100640,CS,2065,2015,1921,1923,1957,1987,2011,1913,1959,2057,
Merle Norgrove,100641,CS,1860,2061,2002,2057,1945,1989,2081,1931,1877,1978,
Elvia Pemberton,100642,CS,1882,2082,1994,2013,1932,2007,1835,2019,2005,1995,
Rosendo Mackie,100643,CS,1863,2036,2032,1954,1930,2045,1976,1771,1816,2170,
Shaunna Cheetham,100644,CS,1947,2093,2199,1968,2033,2045,1963,1995,2144,2084,
Bennie Gibbins,100645,CS,2127,2005,1857,2099,2057,1884,1934,2003,1957,2184,
Maximina Berry,100646,CS,2202,1976,2036,1860,2020,1994,2076,1967,2044,1883,
Karleen Emmerson,100647,CS,1980,2199,1934,1859,1913,2066,1847,1978,2094,2054,
Lavelle Pears,100648,CS,2124,2098,2097,2156,2066,2053,1914,2036,2208,1954,
Kathleen Joseph,100649,CS,2115,2019,1988,1977,1823,1837,1874,2007,2180,2094,
Zenobia Fosse,100650,CS,2067,2114,2079,1915,1966,2012,2107,2191,2078,2170,
Jasper Linley,100651,CS,2032,1868,1849,2066,1911,2113,1838,2123,1896,1766,
Hisako Jenkin,100652,CS,2113,2011,2171,1967,1980,2068,2091,2032,2014,1932,
Edwin Farrer,100653,CS,2090,1945,2107,2060,2047,1915,2125,1946,2170,2076,
Marilu Collier,100654,CS,2097,1886,2119,1945,2013,1917,2047,2048,2045,1964,
Claudie Ahmad,100655,CS,2157,2121,2017,1945,1870,1989,2076,1995,2003,1993,
Shantelle Pollock,100656,CS,1975,1883,1843,1916,1967,2037,2141,1810,1988,1859,
Kaycee Snowden,100657,CS,2060,1965,1922,2034,2046,2090,1867,2145,2096,2198,
Genevie Yardley,100658,CS,2091,1921,2069,2115,2022,1956,1884,2047,2002,2114,
Kyoko Ireson,100659,CS,2157,1958,1967,2019,2055,2045,2192,2011,1980,2015,
Billie Alves,100660,CS,2149,2179,2125,2018,2255,1946,1930,1995,2003,2045,
Marge Garvey,100661,CS,2021,2099,2077,2061,1958,2076,1882,1989,2085,2060,
Alexa Rigley,100662,CS,2082,1935,1980,2236,2074,2015,1945,2093,2092,2094,
Oralee Mcewan,100663,CS,1977,2095,1931,2014,1886,1915,1989,2099,1777,2006,
Deneen Wiseman,100664,CS,2140,1715,2094,1976,2127,2090,1761,2059,2091,2229,
Signe Byrne,100665,CS,2081,1975,2019,2119,2094,1861,2045,2075,1855,1989,
Su Ormston,100666,CS,2033,2013,2181,1885,2065,2057,1957,2011,1959,2037,
Francine Fretwell,100667,CS,2057,1980,1883,2171,2107,2013,2007,2011,1931,2136,
Emilee Short,100668,CS,2144,2017,1935,2091,2172,1915,2005,1958,1967,2003,
Alita Norgrove,100669,CS,1968,1931,1958,1912,2037,2108,2070,2044,2020,2113,
Dudley Gillen,100670,CS,1933,1947,2108,1803,2095,1975,2152,1957,2053,2125,
Eldridge Nash,100671,CS,1965,2097,2149,1848,2150,1801,1735,1976,2121,2082,
Holley Kimble,100672,CS,1826,2193,2036,1947,1932,2077,2003,1937,1995,2067,
Junior Perez,100673,CS,2066,2013,2056,1966,1871,2092,2135,2082,2007,1909,
Luci Nevis,100674,CS,2012,2068,1978,2047,2002,2090,1790,1847,2114,1964,
Ha Bates,100675,CS,2022,2200,1966,2011,1933,2012,2115,2059,2003,1956,
Carlene Sugden,100676,CS,1955,1980,2076,2034,2057,2069,1933,2172,2013,2045,
Sofia Brookes,100677,CS,2076,2273,2066,2019,1959,1910,2004,1976,2098,1863,
Mozell Welsh,100678,CS,1979,2082,1869,2121,1993,2091,1959,1820,2084,1957,
Jayme Denney,100679,CS,2054,2061,2049,1975,2045,2174,1964,1977,2085,1923,
Delinda Winder,100680,CS,1989,1923,1934,1993,1793,2021,2077,2119,1866,2012,
America Packard,100681,CS,2032,2151,1979,1913,2075,1980,2124,1993,2098,2019,
Lorilee O donnell,100682,CS,1859,1847,1976,2067,1957,1935,2046,1910,2012,1895,
Isadora Vockins,100683,CS,2005,2003,1989,2014,1932,1988,2090,2032,1886,2115,
Adrien Kendrick,100684,CS,2261,1930,2045,1975,2136,1959,1839,2097,2143,2005,
Cassandra Lennox,100685,CS,1976,2192,1917,2123,1824,2017,1994,2066,1896,1979,
Sheilah Nettleton,100686,CS,1994,2126,1978,1963,2034,2005,1989,1858,2099,2022,
Sarah Edmonds,100687,CS,1938,1828,1958,2045,1954,2054,1932,1977,1914,1895,
Hilaria Leech,100688,CS,2045,1975,1864,2046,2011,2053,1915,1938,1921,1911,
Reina Dell,100689,CS,2119,1956,1830,2181,1883,2061,2080,2013,2113,2089,
Athena Emerson,100690,CS,2045,1823,1916,2084,2053,1995,2013,1835,1869,2074,
Cleveland Ashman,100691,CS,2114,1873,1883,2037,1878,2120,1828,1869,1786,1959,
Tatyana Pennell,100692,CS,1868,1855,1978,2015,1874,1917,2019,2060,2037,1967,
Peg Hand,100693,CS,2111,2006,1792,2107,2100,2108,1957,2019,1975,2115,
Neta Thurgood,100694,CS,1987,2080,2006,2034,2089,1862,2046,2124,2085,2113,
Polly Kirkland,100695,CS,1863,2044,1864,2018,1937,2005,2076,2066,2078,2084,
Marietta Pell,100696,CS,2200,1867,1884,1828,2005,1886,2090,1862,2061,1994,
Jerrie Fearnley,100697,CS,2046,2011,2100,1956,2016,1801,2112,2015,1778,1994,
Lynwood Doors,100698,CS,2089,2006,2020,2134,1846,1988,1934,2153,2017,2084,
Kandi Collier,100699,CS,2193,1954,1935,2236,1937,2134,2078,2006,2015,2113,
Gilbert Hodges,100700,CS,2096,1867,1886,1878,1989,2032,2153,1913,2014,1883,
Pete Penfold,100701,CS,1976,2002,2093,2019,2121,1938,1934,1916,2059,1858,
Chase Horrocks,100702,CS,2003,1968,1978,1995,2197,1964,2019,2143,1994,2048,
Kris Brooke,100703,CS,1936,1956,2109,1922,2083,1916,1883,1857,2093,1980,
Gayla Campbell,100704,CS,2094,1788,1937,2020,1958,2007,2034,2078,2119,2065,
Tana Radcliffe,100705,CS,2033,2003,1935,1947,2208,1977,2048,2005,1932,2080,
Sharda Dewar,100706,CS,1921,2082,1874,2048,2021,2016,2033,1954,1958,2013,
Diann Eaton,100707,CS,1850,1977,1915,2015,1811,1886,2109,2005,2006,1935,
Mertie Alldridge,100708,CS,2056,2049,1956,2066,1975,2153,2007,1954,2112,1818,
Sasha Burden,100709,CS,1839,2080,1844,2084,1958,2002,1966,2093,1916,1938,
France Drew,100710,CS,2006,2107,2057,1968,2095,2112,1825,1957,1995,1882,
Leona Weller,100711,CS,2084,2112,1932,2154,1912,2145,1976,1980,1845,2089,
Jonathon Cunningham,100712,CS,2048,2111,1976,1910,2045,2061,2005,2011,1936,2054,
Malinda Tinsley,100713,CS,2036,1912,2114,1922,2021,1959,1830,2022,2048,2108,
Jan Grinham,100714,CS,1777,1916,1988,1959,1964,2045,2121,2034,2081,2006,
Sherrill Lomax,100715,CS,2067,1910,2032,1882,2270,1923,2005,2014,1993,2053,
Thomasina Heaton,100716,CS,2091,1988,2049,1910,2018,2070,2068,2077,2080,1955,
Junita Collingwood,100717,CS,1933,1988,2061,1935,2014,2077,1830,2013,1977,2036,
Jona Lee,100718,CS,1777,2108,2182,2046,2089,2183,1979,1870,2061,2018,
Delilah Hollis,100719,CS,2003,2021,2075,2081,2091,1791,2036,1865,2120,1934,
Georgeann Larsson,100720,CS,2003,2033,2127,2022,1884,1935,1976,2122,2014,1921,
Asley Hutchinson,100721,DS,1996,2033,1908,1822,2044,1883,1805,2059,1929,1970,
Aundrea Norton,100722,DS,2038,1835,2010,2066,1991,1913,2187,2142,1969,1840,
Fredrick Trollope,100723,DS,2068,1952,2071,1893,2111,2137,2010,1947,1798,2078,
Belkis Lightfoot,100724,DS,2174,1822,1920,1990,2038,1928,1902,2031,1933,1986,
Griselda Barron,100725,DS,1999,1970,1940,2124,1898,1925,1974,2029,1894,2138,
Joaquin Isgate,100726,DS,1929,2211,1905,2042,1781,2068,1833,2059,1970,1987,
Tandy Stout,100727,DS,2057,1891,1908,1951,2024,2029,1967,2161,1879,1825,
Aura Neilson,100728,DS,2079,1920,2044,2042,2102,1937,2162,2142,1960,2063,
Niesha Skelton,100729,DS,1928,1997,2031,2136,2013,2029,1986,1950,2164,1936,
Doug Asher,100730,DS,1929,1832,2041,2000,2039,2013,1954,2046,1792,2068,
Lavina Griffin,100731,DS,1939,1856,2044,2068,2132,2078,2051,2043,1961,2038,
Timmy Uttridge,100732,DS,1919,2025,2146,1971,1888,1981,2037,1967,2023,1851,
Blair Newman,100733,DS,2052,2185,1987,2106,2037,2111,2059,1981,1947,2116,
Tameika Childs,100734,DS,2050,1992,2029,1906,1969,1952,1892,1985,2073,2087,
Eve Lawler,100735,DS,2067,2071,1947,1950,1951,1793,2132,1927,1991,2055,
Colene Cheetham,100736,DS,2082,2011,2206,2001,1912,2107,1967,2063,1898,1960,
Eda Hopkinson,100737,DS,1955,1828,2086,1904,2026,2250,1972,2029,2117,1962,
Norberto Hemmings,100738,DS,1939,1903,2010,1913,1981,2166,2079,1969,2071,1888,
Concha Keane,100739,DS,2037,1971,2062,2087,1939,1987,1799,2071,2055,2148,
Wallace Smith,100740,DS,1920,2057,2001,1924,2166,1962,2050,2009,1982,2022,
Dan Linford,100741,DS,1997,2000,1919,2042,2040,1908,1904,2117,2046,2122,
Joel Rochford,100742,DS,2204,2059,2037,2116,2044,1885,1971,2026,1955,2038,
Donovan Worrall,100743,DS,1986,2131,2068,2057,2010,1970,1908,2185,2104,2133,
Marc Kitt,100744,DS,1831,1975,1840,2131,1998,2088,2024,2040,1937,2270,
Amiee Strickland,100745,DS,1883,1992,1940,1919,1941,2055,1881,1841,2033,2082,
Robbi Mcauley,100746,DS,1886,2103,1954,1879,1952,2029,1897,2105,1991,1883,
Julie Yeatman,100747,DS,2280,1981,1881,2039,1965,1878,1926,2025,2022,1716,
Mila Jenas,100748,DS,2010,2162,2104,1780,1992,2024,1981,2041,2147,1938,
Tillie Phelan,100749,DS,1903,1819,2046,1902,2167,2040,1970,2042,2086,2001,
Cristobal Aldersley,100750,DS,1996,1864,2183,1983,1929,2009,1934,1974,1987,1938,
Sumiko Atkins,100751,DS,1924,2011,1998,2032,2037,2194,1883,2055,2051,1780,
Tempie Elliman,100752,DS,1933,2013,1980,1944,2071,1983,2113,2029,1927,2037,
Tresa Bradshaw,100753,DS,1884,2066,1936,1787,1879,2046,2284,2032,1917,1921,
Fran Vane,100754,DS,2016,2103,2055,2050,1965,1987,1911,2008,1986,2131,
Sparkle Loftus,100755,DS,1991,2006,2032,2022,2231,1970,1949,1934,2244,2113,
Evita Yarker,100756,DS,2006,2008,2043,1980,1753,1947,1992,2103,2059,1975,
Fatimah Gold,100757,DS,1985,2059,2046,1949,2104,2087,1981,2039,2006,1996,
Sina Knott,100758,DS,2008,1982,2029,2129,2128,1960,2117,1984,2086,1874,
Giovanna Jacobs,100759,DS,1879,2052,1896,2190,1989,2046,2167,2023,1952,2078,
Kanisha Hallam,100760,DS,2040,1952,2131,2017,1928,2118,1986,1967,2153,1938,
Trudie Saville,100761,DS,2117,1839,2017,1940,1973,1913,1901,1975,1936,2076,
Marianela Flannery,100762,DS,1985,1889,2071,1960,2079,1878,1982,1924,1939,1951,
Marcie Toucet,100763,DS,2011,2068,1770,1982,1906,1924,1983,1942,2149,1918,
Elden Whiteford,100764,DS,1902,2011,1904,1835,2059,1975,1899,1965,1934,1980,
Hyo Harkness,100765,DS,2008,1980,2129,2023,2068,1969,2011,1954,2146,2176,
Lorri Fischer,100766,DS,1973,1984,2000,2008,1891,2171,2011,2059,2001,2043,
Rosanna Allsop,100767,DS,2167,1987,2190,2073,1851,2041,2079,2039,2029,1918,
Alica Robert,100768,DS,1888,2042,2107,1876,2013,1799,2137,2173,2066,1903,
Albert Mortimer,100769,DS,1843,2134,1815,1904,2165,2063,2023,1965,1955,1990,
Wilburn Norburn,100770,DS,1825,1899,1967,2037,2040,2057,1928,1924,1854,1913,
Ambrose Lyes,100771,DS,2024,2066,2059,1990,2138,1999,2067,2196,2044,1832,
Gaylord Britton,100772,DS,2122,2017,1911,1926,1984,1973,1918,1943,2028,2138,
Sharri Parish,100773,DS,1990,1972,1936,1889,2008,1960,2023,2001,1810,2027,
Jose Goodwin,100774,DS,1844,1937,2032,2128,1992,2230,2153,2013,1962,1985,
Davis Hamer,100775,DS,2063,1950,2072,2006,2052,1896,1982,2039,1986,2028,
Juana Sadler,100776,DS,1997,2195,1942,2082,1829,2040,2023,2161,2008,2173,
Johnette Abrahams,100777,DS,1929,1897,1971,1980,2066,1801,1967,2101,2111,1841,
Ward Tovey,100778,DS,1962,2043,1808,2052,1985,2066,1924,1896,1904,2000,
Mildred Atkinson,100779,DS,2057,2016,2241,2011,2042,1969,1992,2137,1839,1991,
Brittany Devenish,100780,DS,1903,1849,2076,2086,2066,2104,1960,2040,2063,2153,
Shila Nourse,100781,DS,1926,1949,1928,1913,1939,1996,2052,1888,2236,2051,
Lean Carmichael,100782,DS,1832,2131,1917,2149,2042,2122,2008,2086,1925,2044,
Peter Given,100783,DS,1980,2111,2103,2064,1889,1936,2086,2079,1780,2124,
Myrtice Andersson,100784,DS,1874,2183,1987,2088,1970,1924,2132,2205,2040,2027,
Kam Kett,100785,DS,1929,1985,1913,1780,2013,2129,1991,2071,2068,2055,
Tessie Durber,100786,DS,1883,1807,1932,2075,1989,1987,1939,2165,2116,1965,
Kristopher Yallop,100787,DS,1991,1948,1927,1929,1911,1933,2043,1972,1944,1953,
Wilmer Waterfield,100788,DS,2008,2105,1948,1942,2071,1874,2076,2037,1949,1981,
Elia Brain,100789,DS,2039,1983,2044,2052,2017,1880,2121,1913,2076,1906,
Asa Longhurst,100790,DS,1983,1981,2023,2175,1962,2066,1975,2130,1853,1888,
Idalia Horn,100791,DS,2168,1890,2169,2104,2024,1971,2186,1985,1942,2008,
Cristen Eccleston,100792,DS,1849,2159,1897,1971,1943,1951,1981,2028,2025,1974,
Sudie Mackay,100793,DS,2009,2063,2082,2087,1942,1906,2073,2055,1892,1879,
Omar Mills,100794,DS,2010,1974,1856,2087,1925,2062,1898,1973,1948,2023,
Denese Gillespie,100795,DS,1874,2017,2086,1929,1999,2158,2146,1965,1900,2050,
Cristin Fawcett,100796,DS,1950,2055,1987,2082,1943,1965,2133,1938,2038,2031,
Susy Tailor,100797,DS,1902,1985,1835,1876,1971,2013,1883,1942,2075,1950,
Nanci Irvine,100798,DS,1997,1950,1913,1982,2030,2046,2000,1846,2055,2248,
Vina Edmundson,100799,DS,1920,1998,1913,2158,1911,2027,1901,1777,2042,1991,
Harry Allcott,100800,DS,2174,1944,2033,2016,2072,2027,2037,1950,1962,1917,
Hope Lovell,100801,DS,2017,1883,1984,1919,2078,1928,2009,1864,2029,1965,
Jerrica Mathews,100802,DS,2041,2130,1917,2086,1888,2066,2163,2177,2031,1972,
Randolph Hussain,100803,DS,2161,1936,1990,1917,2037,1999,2062,1953,1886,1951,
Kristine Drinkwater,100804,DS,1854,1991,1929,2011,2055,1954,2086,2017,2173,1951,
Elinor Raval,100805,DS,1787,2051,1920,1936,2028,1904,2043,1941,1908,1937,
Mallory Norris,100806,DS,1981,1890,1864,1973,2027,2009,1974,1883,2033,2082,
Gilbert Whittaker,100807,DS,1806,2105,1906,1960,1948,2076,1997,1905,1881,1970,
Jesica Johns,100808,DS,1981,1961,1890,1973,2226,2129,2219,1980,2284,2075,
Tiffany Wain,100809,DS,1929,2038,2121,1896,1808,2039,1918,2063,2147,2041,
Theola O meara,100810,DS,2030,1933,1987,1999,1920,1843,1885,1904,1989,1997,
Martin Addams,100811,DS,2059,1989,1937,1961,2171,1918,1902,2055,2027,1907,
Tatiana Rust,100812,DS,2134,1940,1960,2017,2064,1937,1807,2159,1975,1905,
Charlie Lawn,100813,DS,1822,1918,2006,1932,1951,1954,2104,2068,2032,2168,
Mora Orwin,100814,DS,1973,2260,2039,2052,1890,1906,1967,1952,2079,2067,
Bernarda Depp,100815,DS,1986,1999,2025,2050,2022,1933,1941,2165,2032,1929,
Melba Greenwood,100816,DS,2088,2066,2030,1928,2101,2000,1973,2046,1999,1940,
Sherita Yeomans,100817,DS,1821,1952,2086,1997,2076,1986,2160,1924,2136,1781,
Jaleesa Hartley,100818,DS,2008,2075,2078,2016,1890,1925,2024,1912,1983,2214,
Randell Parish,100819,DS,1929,1970,2146,2041,2052,1934,1950,1932,1991,1980,
Ashleigh Hollis,100820,DS,1943,1883,2029,1955,1891,2025,1992,1982,2059,1961,
Kaci Burge,100821,DS,1987,2146,1952,1980,2142,1965,2102,2131,2041,1883,
Rosamaria Vallory,100822,DS,1951,2057,2024,1984,2010,2044,1953,1789,1924,2251,
Keshia Atterton,100823,DS,2024,2075,1985,1944,1969,2066,2026,1967,2076,2128,
Celestine Warner,100824,DS,1989,2113,1883,1950,2082,1954,1965,1807,2025,1941,
Myrtle Kitson,100825,DS,2022,1885,2102,1926,1943,1950,2063,2296,2029,1933,
Jeannie Marks,100826,DS,1884,2062,1918,1934,2027,2031,2016,1947,1904,2000,
Brigida Eales,100827,DS,1891,1955,1982,2051,1939,2011,2022,1885,1983,2031,
Krista Alexander,100828,DS,1943,1954,1920,2137,2033,2037,2039,2173,1859,2171,
Cora Rudd,100829,DS,2001,2146,1985,2132,2026,2148,1908,1927,2038,1907,
Rozella Riddle,100830,DS,2137,1911,2032,1973,2031,2219,1913,2136,2068,2059,
Lin Dingle,100831,DS,2086,1894,1896,1971,2041,2250,1874,2179,1938,1932,
Artie Storer,100832,DS,1937,2010,1974,1940,2103,1932,2008,1991,1854,1853,
Zachery Symes,100833,DS,1961,1912,2026,1911,2079,1975,2023,2055,2017,2130,
Loni Langridge,100834,DS,2016,1789,1953,2064,1955,1975,2008,1998,1918,1974,
Exie Underhill,100835,DS,1893,2052,1973,2024,2227,2009,1972,2057,2013,1975,
Francina Paine,100836,DS,1983,2063,1918,1908,1997,2027,1919,1944,1962,1953,
Javier Trevor,100837,DS,2032,1905,2158,1967,1772,1998,1981,1927,1984,2212,
Santo Paige,100838,DS,2017,2129,1934,2016,1974,1948,1942,1938,1925,2107,
Rhea Bartlett,100839,DS,1944,1937,2068,1971,2146,2030,1884,2128,1919,2029,
Mason Emerson,100840,DS,2055,2025,2017,1986,1983,2043,1967,1943,1999,1932,
Alma Hooton,100841,DS,2211,1911,1925,2032,1943,1948,1904,2050,2033,2000,
Aide Fenton,100842,DS,1984,1947,1998,1924,1975,2016,1992,2105,1934,1900,
Duane Flowers,100843,DS,2016,1998,2051,1983,2107,1954,2082,1999,2008,1965,
Juanita Gleave,100844,DS,2032,2040,2037,2001,2138,2016,2026,1840,2023,1997,
Claris Ronflard,100845,DS,1962,1990,1835,2023,2032,1842,2167,1984,1982,1998,
Tiffani Rand,100846,DS,1889,1926,1967,1936,1904,1961,1841,2022,2134,2059,
Gay Hussey,100847,DS,2017,2111,1973,2078,1888,1987,1794,1926,1982,2104,
Humberto Lovegrove,100848,DS,1884,1849,1987,1936,2102,1876,2117,2013,2079,2062,
Darcey Costello,100849,DS,2033,2101,2072,2025,1843,1961,2037,1900,1902,1947,
Charise Keable,100850,DS,2106,1996,2078,1939,2008,1777,1970,2136,2113,1961,
Kristian Rook,100851,DS,2063,1894,2042,2139,2052,1925,1898,1770,2044,1937,
Particia Flynn,100852,DS,1884,1952,2113,2136,1992,2162,2158,1939,2063,1900,
Jessie Norbert,100853,DS,1810,2171,1853,1886,2041,2000,2016,2086,1954,1950,
Ela Pears,100854,DS,1942,2103,2063,1999,1921,2076,2055,1970,1937,1809,
Robin Bolton,100855,DS,1947,1980,1913,1942,1996,2171,2214,2059,2022,1919,
Elidia Keywood,100856,DS,1900,1912,2001,2030,2072,2011,1951,2203,2024,1926,
Lenita Vallory,100857,DS,2230,2128,1941,2038,1903,1907,1997,1986,1901,1859,
Zoraida Bithell,100858,DS,2068,2055,1955,2086,2078,2031,1972,1951,2296,2006,
Patience Mcguinness,100859,DS,1998,2022,1989,1924,2086,1832,1925,1936,2088,2162,
Avril Allaway,100860,DS,2052,2027,1933,2067,2164,1894,1950,2068,1903,2057,
Guillermo Bateman,100861,DS,1732,1829,2057,1967,1659,1908,2148,1962,2022,2029,
Georgette Trollope,100862,DS,2051,2017,2041,2016,1884,1911,2062,2063,2066,1940,
Chris Sissons,100863,DS,2009,1880,1948,1928,1971,1881,2064,2131,1981,2105,
Alexia Geldart,100864,DS,1955,2026,2044,1972,1925,1944,1846,1902,2088,1928,
Monty Bass,100865,DS,2010,1937,2031,1992,1996,1864,1962,2032,1948,2006,
Maude Dolcy,100866,DS,1980,2067,2051,2086,2078,1888,2000,2131,1884,2010,
Cyndy Oakes,100867,DS,1928,1874,1944,1980,2122,2101,1819,2148,1920,2024,
Dinah Kiely,100868,DS,1947,1934,2232,2066,1961,2102,1991,1898,2189,1894,
Tequila Milward,100869,DS,1899,2147,1990,1794,1942,2106,2025,2072,1951,2105,
Kristin Dale,100870,DS,1953,1924,2017,1990,2116,2113,1944,1987,1960,2006,
Amira Lawal,100871,DS,1981,2046,1899,2136,2008,2188,2206,1971,1880,1927,
Helaine Veasey,100872,DS,2149,2006,1901,2105,2024,2010,2026,2029,1982,1814,
Manuela Normington,100873,DS,1953,1985,2106,1997,2010,1955,2033,1973,1972,2086,
Cathrine Rowley,100874,DS,2064,1843,1929,2032,2235,1940,1911,2029,2013,1971,
Keneth Norbury,100875,DS,1961,1990,2046,2116,2132,1971,1942,2102,2050,2224,
Catherin Timney,100876,DS,2029,2066,2106,1982,1950,2067,1901,1965,1992,1854,
Vita Fargher,100877,DS,2068,1938,1998,2088,2103,1831,1879,2057,2040,1982,
Verla Peigne,100878,DS,1911,1989,2027,2106,1969,1998,1948,2147,2162,1999,
Rana Alves,100879,DS,1943,2153,1924,2050,2030,1982,1990,2139,2075,1947,
Morris Locke,100880,DS,2029,1937,1975,1954,1905,2139,2131,1893,1985,2125,
Ollie Bayliss,100881,DS,1987,1951,1907,2121,1967,1942,2073,1849,2016,2205,
Hang Sturrock,100882,DS,2088,1955,1983,2117,1942,2139,1974,1928,2010,1991,
Buster John,100883,DS,1919,2033,2032,1907,1901,1893,1985,1981,1879,2030,
Hilton Nield,100884,DS,2174,1898,2162,2103,2177,2057,2017,1936,1840,2183,
Roman Shearer,100885,DS,1991,2006,2130,2043,1918,2029,1902,2001,1947,1967,
Brittany Innalls,100886,DS,2006,2008,1972,1953,1874,1975,1991,2046,1892,2016,
Natividad Lovegrove,100887,DS,1987,2032,1917,1996,1900,1975,2027,2064,2104,1919,
Louvenia Colman,100888,DS,1981,2031,2030,1851,2044,2040,1971,1983,1997,2122,
Florentino Odriscoll,100889,DS,2168,2195,1943,1990,1934,1991,2073,2026,2030,2029,
Ollie Yallop,100890,DS,1932,2164,2073,1975,1920,1925,1987,1981,2010,1952,
Beverley Fleetwood,100891,DS,1969,1970,2111,2055,1962,2086,2066,2038,1967,1921,
Corene Victor,100892,DS,2009,2082,2013,2000,2078,1972,2178,1911,1998,1876,
Sanjuana Purnell,100893,DS,1751,1939,1965,1890,2139,2008,1952,1981,2078,2030,
Virgie Elmhirst,100894,DS,1992,2010,2117,2122,2132,1829,1942,1965,2051,2078,
Kenneth Anwar,100895,DS,2072,2022,1973,2079,1990,1947,2142,1998,1949,1991,
Colby Kenyon,100896,DS,2032,2222,2195,1921,2132,1927,1961,1874,2017,1879,
Cindie Ayling,100897,DS,2024,1900,2190,2111,2063,2174,2046,1911,1920,2040,
Jenise Ibrahim,100898,DS,1983,2046,2138,1911,2166,1907,1896,1851,1905,1918,
Harvey Oldland,100899,DS,1972,2028,2062,1983,2037,1960,2118,2033,1902,2068,
Dana Vinicombe,100900,DS,2057,2138,2038,1798,2071,1884,2199,2022,1942,2006,
Marcelo Lawther,100901,DS,1939,1974,1822,2146,2039,2010,1950,1997,1948,1967,
Sharonda Hitchcock,100902,DS,1906,2031,1985,2057,1890,1996,2113,2050,1997,2017,
Brianna Trew,100903,DS,1987,1949,1933,1990,2174,1759,2146,1921,1973,2117,
Grover Hellier,100904,DS,1884,1996,1947,2051,1999,2050,1973,2164,2033,2186,
Landon Kilbee,100905,DS,2039,1859,1996,1999,1949,1980,2055,1912,1975,1944,
Major Petersen,100906,DS,1881,2062,1936,1900,1732,2031,1948,2101,2153,1999,
Micki Humphrey,100907,DS,1932,2022,2067,1996,1986,2043,1999,2171,2051,1970,
Veronika Munro,100908,DS,2026,2111,1900,1975,2027,2030,2106,2011,2038,1889,
Nyla Oram,100909,DS,2050,2027,1907,2023,1982,2055,1960,2024,1944,2039,
Allyn Woolnough,100910,DS,2001,1996,2000,2028,1972,1986,2044,2010,1908,2026,
Tatiana Layton,100911,DS,2008,2137,2165,1971,1924,1839,2026,1934,1969,1940,
Alpha Warrington,100912,DS,1980,1840,2068,2076,1969,2124,1982,1960,2052,1992,
Neil Kennedy,100913,DS,2050,2031,1973,2013,2001,1999,2022,1927,1901,2149,
Venessa Southgate,100914,DS,1905,2088,2044,2008,2146,1926,2102,1984,2158,1920,
Gertrudis Macpherson,100915,DS,1927,2030,1907,1876,2075,2171,2016,1984,1919,2132,
Ambrose Kinsey,100916,DS,2147,2122,2039,1961,2001,2027,1984,1929,1960,2067,
Delilah Elliston,100917,DS,1990,1894,2196,2051,1852,1989,1835,2168,2078,1960,
Orpha Gutteridge,100918,DS,1970,2044,2102,2040,1941,1948,2016,2026,1898,1919,
Cortez Laird,100919,DS,2072,1937,2017,1971,2101,2013,2107,2134,2043,1921,
